,Nasion,Sella,Porion,Orbitale,Pterygoid,Basion,ANS,PNS,A point,B point,Protuberance menti,Pogonion,Menton,Go-1 Corpuus left,Go-2 Ramus down,Articulare,R3,R1,Maxilla 1 crown,Maxilla 1 root,Mandible 1 crown,Mandible 1 root,Maxilla 6 distal,Maxilla 6 root,Mandible 6 distal,Mandible 6 root,Glabella,Soft tissue naison,Dorsum of nose,pronasale,Colunella,Subnasalle,Soft tissue A point,Labrale superius,Upper lip,Stms,Upper embrasure,Lower embrasure,Stmi,Lower lip,Labial Inferius,Soft tissue b point,Soft tissue pogonion,Soft tissue Gnathion,Soft tissue Menton,Cervical point
0,2.8650100736446666,1.0330832843386832,2.325273988404478,2.9781987771453755,1.5899191775528065,2.492977715206443,0.6680640290402559,1.1692210446091997,1.4482555332043066,3.538833362455814,1.9259691174868394,2.100735550933067,2.337585300104819,3.3770345874002246,3.6588291284657455,2.7925917952810777,5.322624496753833,2.5313098235049343,1.7504466950962971,1.5010067834292995,5.14473132127186,2.8018026322674197,1.989952458755327,1.692974984123936,3.6977570085144245,1.839177138956233,3.3277064825667573,2.604943510005655,1.5945476936979326,3.693910452445656,3.4490974632424294,3.4365804709210153,1.28563983500054,3.8043063074665233,5.991680590555294,4.043042943842073,4.462855690401625,1.8786139454749957,2.764998065547879,3.1939347618942384,5.48111909720894,4.004266931768144,2.6779019276077545,0.9883480950796977,0.7613794587423511,3.709057405853816
1,4.854203903037065,0.7608077989720394,1.1294336409432004,3.6735004337026735,3.247568867488699,4.607444436277021,3.676421699696529,2.0118069053124032,2.5860192447663244,3.655617385100568,3.714282861004821,4.921761533246574,3.540651852070191,4.677494420830001,5.4939690445958,3.4546585297931385,0.9540098734139913,4.319037445460116,2.987706047903075,0.8760418924105657,2.209602426676218,2.909595206561089,0.4118215819774443,2.8461594591080273,1.0517989677220891,6.321900877716528,5.1734010508536885,3.849230394604958,5.998802648071148,5.356942474169329,5.069487748230456,2.569610348881407,1.1685923149022226,2.6762624024702952,6.103717641348514,3.8627152705972474,6.539587456818658,1.3751108260468452,3.430118679357531,5.985664783011905,3.148963864537563,1.5343556503917102,2.6302575451949304,2.491934954138242,7.678705705244931,5.665800004737097
2,1.9342561238223421,4.798617018543276,1.4960437028075102,5.7144542873545,2.3536006339273325,4.599408836693191,0.7378410777751736,2.841966173957028,0.9624305670714997,5.966022754967048,0.6644292122391636,1.6109730620773277,2.2638403666800286,4.392129457540976,2.9352390725577266,4.246403328265758,4.975274173499493,5.682216633409824,1.7475403145963802,0.9602074177863239,3.2902772720769917,3.439347577643518,2.4982947976075396,4.5679653237755655,7.232193257813003,2.4450268619346103,4.1602783896802125,7.4091697321076735,2.60821971324769,6.727805093001247,5.074561191756093,0.5560390582601721,4.403741951556948,5.180509458070652,1.4818608105314444,2.505632683248199,2.6569298831095103,1267.763089066723,4.358950753735119,1.7894397279902083,2.9068391226452612,1.6318569667461504,3.4892439235952133,0.27576160545739936,3.3206094533146424,7.801053728940303
3,3.191204345845579,4.212484597950561,3.152087104564327,1.8942945725653686,2.4020104446736137,7.628876861613805,3.646344858078603,4.529141364278306,4.1781848711227525,2.093788560331118,3.609760636430139,3.469751526781976,2.0129633771730027,10.50914674837324,6.394542351967678,4.409560602115919,2.712994374195307,6.6761232634931265,2.56480729938315,6.36737547059137,3.8614122874378505,3.9043602194689346,2.8629139653748727,4.221402800851735,2.757898279358912,3.5265690347381677,3.611931301863844,1.389887440017401,6.809770750664916,4.040935249758327,5.501855329715906,4.022219886414206,5.690106834108172,4.9530046538543955,4.5380406387289325,6.02949976001329,2.622647588679081,6.084297981690118,4.356675501005529,5.668429680278968,6.8923638943292,6.800899039502886,5.414040624788658,5.111000333471101,4.457801327016641,8.841889399649867
4,1.3229354531920245,2.0166812682698736,3.565568566240674,3.551510184618991,2.6279513825810445,0.7763726184841311,3.188341935630895,0.17805590789898215,1.8564451657815269,3.562622659093591,3.8406443004967548,4.451574832634258,4.756011994664947,4.274805751513112,3.7097618498877165,6.155566479476673,3.776401750175673,1.7091763435755944,3.0864835644993223,7.200486454060342,4.300369631179912,4.976596258960005,3.8147489975568165,2.3978104049593707,5.003135723233176,8.690205082944363,3.195608944256903,3.3184616207978483,4.701538760774434,3.7726154266728242,3.390077841290498,2.044706594332237,2.6204511016921916,7.233844373835302,6.3920181770222415,4.657190646299718,1.8439030789735171,4.4221153496492285,3.4421298816964008,5.837704410244633,1.380063189201738,5.817548364986985,6.43264374671649,2.9395597361501413,2.751780019631777,3.7636423482669343
5,1.1718806724864261,2.8826010275748533,2.1190287021244187,4.342786540360052,2.0322257783484696,5.278998777086143,3.301089898914555,2.4954715081839907,4.470700079788562,1.4043050945354745,1.7747460048936787,3.659197360252011,3.8543201037427304,2.4068102245782375,1.4705997755139755,3.329642580731469,2.6291619819424117,3.2552539902703566,2.4785440274223727,2.281723959298973,3.8864767447143262,5.161452847260477,7.107438785130245,5.112488474804192,2.731547651188116,0.4446522280564109,3.6202390129205115,3.1702423997052063,5.730363274235077,6.862249627095612,2.11744513166612,5.7320098195809654,1.4031752837076261,2.0888198704638525,1.2788864419058217,4.298151830377614,2.4996815116262137,2.0852856724630455,3.7288848281587486,4.422493885065232,5.355427438393865,3.307762098756676,3.5373840294813976,5.937235299064548,3.874459283507889,1.9956827516656943
6,3.5245731411697916,2.260358549858483,2.7268113255418718,3.3629540786856933,2.56457895064511,4.453946847412145,4.584196411629568,5.458304696622712,3.5998671040354053,4.34009537333292,4.688384103629887,4.330517425388716,2.667351372336728,2.6932926297750925,4.6333611781562345,7.244806974845308,2.2625414460239224,5.05765556952584,4.815893094971877,5.184486765374454,4.4884767871489455,1.681253556309528,5.19374498658524,3.03472546301884,5.190909009328633,10.31491060572663,5.590665436042542,6.29006161444832,1.9888692142165525,6.759308650084284,3.455713179236965,2.9023409465676515,2.4725694550633404,3.8758237206061903,6.952929121354193,3.334571462801658,4.51807007027535,3.4830699645918894,3.7081436306813877,4.7091993375865755,7.659928137798598,4.142145109192178,4.844497766683096,2.7057350298337672,5.67304217386548,4.673711926752605
7,2.540262100565386,2.8632793911502663,3.4318401134850944,5.801313461740429,3.008014367542418,3.1645512560690405,1.3946574341660727,1.237289282937504,0.48561512100546006,3.091043993675558,3.4447521545862494,1.5845244321245355,2.5421514641930085,1.7018950717431052,2.401368686511392,4.615671714870609,3.506395962354557,5.0561013243232145,3.4689207369172768,1.3686628376006587,4.181719620097252,2.4234995860210855,3.411602816271302,7.614518495268737,5.895996259940535,7.568955095651161,5.905171551001714,5.389089091100477,0.5990947793162585,4.814729876010797,3.5291198898550467,1.8440802131465053,3.7754106622092762,1.2323015449781067,2.7526932950936858,1.7639269577052188,3.8329315288655765,2.176246575737082,2.654364263675081,2.283988108577465,3.247617977461979,5.513153326223072,3.93095288093274,1.6024776924723547,0.8276625913780196,0.8837851304154548
8,2.100918359924383,0.6423711803102252,2.760590917089271,0.5487633162950529,5.052431056439206,1.831401897009206,3.3798462925287476,2.874626271649183,0.5338356048452076,3.2387898227216314,1.5529670841278853,3.820379968809958,3.261294295550979,5.003086758611045,2.396962593937277,0.8160125309785528,5.789472595715512,1.2447411041072722,0.12030779797933981,1.4524316215106,0.35614406045790986,5.06981190809199,0.976886367319779,2.5396592973125665,3.426343300825377,6.263008082267273,1.2957516853372693,3.8726357719080706,5.163750311937898,7.305229890567764,5.643119739651427,2.1210905689878965,5.144001393797632,4.85245407681812,2.9968447070554083,2.398120608650275,2.8129865559983567,2.203725506512718,4.847384800202981,6.1657815787543075,5.832926168951029,6.813200168544821,5.5931333423481755,1.5736308131328027,1.6870439055030428,2.2634497540855563
9,3.7779657410576983,5.845537744905561,5.52180991283944,2.42189593672904,1.2585771222003204,1.1585269840337196,0.6037176384582819,6.365090093089802,3.611001075500143,5.5121323901750925,6.902485113942348,4.940180754524317,4.003138792382903,3.5809427097517865,4.178300606699646,2.0116921095097595,7.151292605125245,6.1279737586808825,5.870397509899222,3.1527237651918045,0.6531827578048794,4.819980415900927,5.568890116449748,4.958273974393965,3.231979579857146,4.064323789130899,6.718344115848324,4.531012954312163,0.9647742385237025,5.878118903548722,1.965473032359691,1.3424738028578704,1.2795965897716237,1.7311791322468035,3.5201535447586916,1.517761044205671,7.0945054855282095,18.132010780425382,12.488300621808552,11.52322303568019,21.03845922419672,27.854390684468125,25.099381923474144,22.744689209119272,58.254386891947476,1256.0931494120966
10,3.599464444961357,3.0296789544869402,6.670758584913272,1.8766976853632404,3.743515388044104,3.2942926422991254,4.249983413088103,2.0057569309844916,1.4514614695101966,3.143864124930904,3.8384414255856636,5.521510440535092,2.8792204819986136,1.1311099916932503,5.4148312317674305,2.1519712377318196,4.451827911580849,6.749567451359441,5.37803912415228,1.870860747329471,2.340317198155414,3.7706533329623806,1.9852862647851037,3.419005072887706,3.1810723642125827,2.3726567699534593,4.161344612534571,2.719017369624137,3.6070828742575776,4.631554914034883,2.480392440860542,0.0873350602737407,4.396764264329,3.119789084972583,2.9955228801122944,2.3440389660316185,5.017567816356845,6.647863909597158,1.2986080769268913,4.245488300679506,2.805927708895246,5.236178301850495,4.5961661786019485,4.1386641154871615,2.8754881065467415,6.305458052628521
11,3.2120855045738264,2.4640128464632722,2.776119303569891,0.7602289960585122,2.949621574292968,2.3565597863151706,1.1551862563571762,2.250131415284594,1.8028662274099128,1.018024435306161,0.6602567072390015,1.097675427063937,1.8344508478942723,2.6003180952982716,4.543504498380675,1.5488165785680312,2.7860056929255586,2.6081624774431993,6.003930228526868,1.1545498837936354,0.6484639280752678,0.9665012002150001,1.042133640017164,4.013901168007579,6.889253177801996,5.813566315754789,2.8742458637677673,1.536748686490901,6.814607550919056,2.8627802613635804,1.993553902702419,1.5944060568088732,0.6481864379332408,5.787751793081668,2.9051553187432853,1.390073781108317,5.586379149864669,0.22249821529047448,3.742837409691927,1.2816320908828884,2.9805995205364106,1.5814898181822872,5.655051351992256,2.251957109451953,2.53742918862391,3.853147069197049
12,0.7840765923331274,1.9395872482216836,0.7887201235483515,3.755986487540255,3.8866080607970885,5.9621548511787354,2.3752339172045227,3.532730538625755,4.533982534339639,4.353960097527501,2.5754296609559324,3.391114574162785,6.555328602362782,4.88988177443244,1.5531034633177185,3.8427629059466017,1.148633394379066,4.197013713183043,4.238115809680801,7.062582693973923,1.808211452802169,2.261034124372743,2.919357372799393,0.9752484476525451,4.332355545882305,3.274240198691441,9.478776380199795,3.018992675326196,2.3346971903904676,1.8849088900387678,3.380782378919911,4.340502814502676,4.78379564495533,3.7469167201141063,4.33399652875468,3.3451226834809358,4.59101123637749,4.426756230861961,3.1831253107230766,0.44556951057447497,2.9915334226384913,1.404915522975758,3.963570085372236,2.60306982263358,3.942085510911827,11.349153929691068
13,2.2017978167258683,0.5599901717319428,6.219920729062221,5.1264081508743935,6.623243230979224,5.698017682126232,4.660431910869688,2.8301912920587924,2.360792139466834,7.945903359070806,5.618519714517442,3.689820605753724,5.841398944995874,4.236749995714517,1.9449759215533924,6.617058852094006,5.514540811060118,5.078897569612315,4.313863380387081,2.5375066243724502,2.451027967769086,6.561865168757426,9.720406462146618,4.022570077992051,4.057958265372905,8.933292417667237,4.084957838686429,4.0306176695880485,3.4882140432850126,5.392918249970515,5.534630166712202,4.051506844825101,4.965487355086037,5.6415892819948095,5.407864496995753,6.104955025617636,1.3899315032201534,1.6370778182582846,2.4478582940450417,5.980187648046725,2.3073950464311643,5.430271701186417,5.109291756432124,1.7660826317245089,5.179826447591852,3.6315775497997054
14,2.1888767425587092,1.4271193933530044,2.3896151130444085,3.0249049597997804,2.2534999448070274,3.7219161765292035,1.5737386470168098,1.6127477807333799,3.381482764361806,6.052378154385579,4.646539803540135,2.5796540922052813,2.4339691074584535,1.6463581495626105,5.052110579829265,4.452490491824255,3.8786587254037546,1.6956054466597754,5.870397509899222,4.836612522021654,0.8090025291820988,2.3753397381174395,4.248807904153355,6.039160567488629,1.3948065480834981,2.713319800378825,0.910348334075913,3.7144673242587296,0.6332269176582929,3.608233356783703,1.8378779957212525,2.0547956294856964,3.0171283058354823,5.249798462507473,3.577880013027638,0.8298918071404101,3.4594992887009153,1.9812750712458393,0.8471651307088763,2.056282253510184,3.5183393288981772,2.4353557752291564,5.655960993732949,3.363006815245559,0.5453628266051445,2.4538056782157547
15,4.774248361474341,1.156893670223356,1.6374020102964577,2.457984266829828,3.088389932429317,2.3141501592128946,4.688080653676341,2.5007368592240473,2.13516853343475,1.105501715241167,3.5206921186776166,4.768844732691191,1.7200015144793734,2.0639948196251736,1.731647076763882,0.9715257815471866,2.0277581767727195,2.8337113788867416,7.304480920449777,2.8696539155648684,2.9329508512995006,1.9610888842212368,3.3188260968738086,6.303359731500691,0.8029917824946741,0.1711950355691853,5.478658955179345,6.420371243139567,3.2479625121537983,7.210971262174538,5.156481475534019,1.9405132482803271,1.9804853867876555,4.392155892965592,5.356871258029377,3.985826600087087,4.050272157447953,2.7556818061640467,3.761416765130528,4.596006275954799,3.079212608170376,2.655709841381086,5.945014751884706,3.148110023390288,4.524992662432287,4.9058038558422385
16,1.2832557808382836,1.7458536539949148,1.537346363483902,2.4884287531009432,0.38355294580010335,7.9587859681424264,1.0043973380071434,2.7605987742853073,1.5482587660817795,1.932339578112185,1.4162519840220573,4.476969799071258,2.693194564320172,1.6312563735681027,10.291084460714439,1.8680686307277217,5.011966510932537,10.606774338724914,4.777761929385422,5.641803679613603,4.468629347559885,4.853936580093697,5.3307477583811265,3.405829471185487,4.061880364091545,1.6308722846825654,6.103862503517758,7.640496927284119,3.77968538355625,5.203762329485652,4.875427886726271,3.73870075160163,2.758044007080163,4.237856591802797,3.0956949751338887,2.2216812256218965,3.186078909407749,1.8033870297478076,2.3694366443385575,4.4826697745801205,1.7978394034601075,4.54478346036528,3.5991432778813137,2.9552042130309655,3.3278211235844704,Nan
17,0.5837581794381548,4.68229937817431,2.732851491285865,2.968319352890957,2.8609023973078185,3.339409014117035,2.2730108234034376,2.1248942841585854,1.3720101250789776,5.988528989475443,2.88868646406896,2.31812255680005,2.5162913741251276,2.3519281680455926,2.871838849881998,2.5103090532512224,3.361350340537463,2.9209932407869887,4.633604878999476,2.374704741906684,3.4203844513650012,3.1560134907237254,2.5623127683682605,0.9403289197262199,5.871903749335284,5.486144915544784,4.554017245700291,1.2055496834631723,2.9345117490756305,5.834299934157359,2.877264659447515,2.37430549915409,4.936832405645436,4.035096023435079,3.545437099000434,1.2989145882916713,1.6183243985919356,0.9799469955445821,2.2285129442148257,2.441177345913795,4.38570441657811,2.604698106246346,3.128425711659443,4.778384388479449,5.432271339448974,4.640895107549749
18,2.5648505788782,1.6985706458288719,1.4073736276191848,1.3126607401077333,0.7977022243382705,4.187999095361187,2.4668411066530957,1.9521002074475002,0.9832394893593859,2.5752314861938417,2.3314613028733637,3.649422818348538,4.542684144680432,3.7131518357095064,8.472185955049907,2.6151116046536798,6.44098192832129,12.196500791912758,1.7149237499188648,7.1155008578757775,7.340485556824165,2.51234537194464,2.7805500212225707,9.149031870445109,9.112751527534193,5.617486129482413,5.537568219062185,6.5698090272234095,3.572038223921507,5.831516635240322,2.4804994337477213,1.872540423903084,1.8548114489432705,6.980628520040485,3.18135031125095,4.123087058302574,3.1575942347691823,4.384642118458067,3.103435506920601,3.439102725074436,4.957167330884781,4.228315916894562,5.75062410988015,2.96138259455905,2.5152663946148417,Nan
19,4.066628638679565,1.6216418090962113,3.9106100168641538,2.0640294372383075,5.366635469822939,1.8563496301921756,3.05335130631865,0.40868664419395073,2.786785968688034,5.528772225028178,3.9531641972773515,5.920526281053126,7.212959800688184,2.493837396246118,3.8170691696913917,0.9310194144693646,5.071096263294444,3.635106087052268,5.584181307275044,6.474321272372843,2.801636865285582,4.137201940231139,2.182179375686164,4.566369582048371,5.295560888293169,6.401122514324765,6.217230437427739,4.727541794669534,9.795658712950033,14.043862822793187,8.608533860635927,2.9353251395609368,4.193107861522748,5.1199820040015345,4.77221683572068,4.779537766288551,5.013766276942105,3.6045822359850748,3.921076773362338,6.386229846462484,6.4138094362595774,4.137072101719364,2.868117332100124,4.305592805675201,2.244413493565805,3.9733970897496307
20,3.5245268041994517,1.1223224273734025,3.2259733763324476,3.9260993416081367,2.0258393946426403,2.771988532409097,0.33709476986662684,2.756539171057414,4.756276773617945,2.90346614390934,1.5293180860924944,3.9669577087271826,3.4778944313934814,8.475601333405473,3.917546884943353,2.038316749509227,5.125561853635824,1.081228943345109,5.1197965937673064,6.147918765197177,2.215525954999235,3.830997662510519,1.9816768778926686,2.8531679628772975,2.160366400973431,5.286291031332656,5.184787247502634,5.462093741965087,7.096559741375253,14.48634613335747,8.38671915298513,2.419682789989803,2.453278888562346,3.7472419061020408,3.2464076913516893,5.74211093853102,4.2623747848063624,6.023910615776161,3.2104230939139042,3.293757723203828,5.251235121552861,4.429576793333288,3.646275924007284,0.6767886304374294,2.092979146646112,7.381845139319332
21,5.224007080492243,4.959964088658441,7.159295492411019,2.3855702893108304,0.9514144189814594,2.8063619337003343,3.4379283033826904,2.335695433886274,0.9193981176694331,4.354125665787138,3.374885614751416,1.4740332563303804,2.197257488544564,1.0089475079248444,2.283344471319694,2.6935702256643426,4.063522560391626,4.756317280546693,4.601652799192521,1.3871969379471238,2.8884280618596194,0.09791433176177912,0.5272170552942179,1.89071325677341,1.1847220915810512,4.731900659461699,5.503529668890675,6.854559807160856,3.023463737615375,5.083410717265477,3.8999129882507733,0.6966852748986281,0.9950525266386562,4.319463414674723,6.40770587551141,5.757548399639565,4.3329259705232905,2.595260194261042,1.8979766933188003,5.0954870825703535,3.9196812148147253,3.8896080813296825,6.012771489097657,2.7655097684356376,3.349814355109918,3.707225844415654
22,5.26604900633335,3.78678493208619,5.220153254455289,3.747526548369803,3.29247216770694,4.562545578734403,2.63999711488668,0.8683309932732417,1.3363314434947373,2.686608900942255,3.822976081229064,3.3274959775714295,1.5719052766294364,1.4513208139669225,0.7725983469157284,2.04557315818045,6.683918537664754,2.863395693716586,8.72122431746407,4.038186051328544,4.9943432260010185,3.955648972688189,1.8007134913621803,8.522152819030296,3.0138673292656346,2.7288819956115353,2.963851632436521,4.350149995014644,4.98329974439792,4.6164287967329685,2.1953770074779246,3.2150914723529107,2.817027770412936,1.5737167565253336,6.241313002582288,5.790803789387715,9.587303683512546,2.1287769134410777,3.045352345986658,1.7913759671688934,5.906691820106599,3.155207252995895,1.9353376320009648,0.9696998791627148,4.44536745806391,8.549890421432192
23,5.66304406505554,1.0325335389659611,2.3164029940170843,1.6037296467035973,2.1294816497165487,3.280168525835322,0.5721080472392478,3.244028242435353,3.373893435925918,4.955674772405526,3.6963175216719484,5.536004663145852,0.9747315336743686,4.008847926917431,0.9210702486143605,5.795175998815785,2.3680868082739455,2.3482634586473563,4.814481827600869,3.7737526354880013,1.250295721840482,4.810903844679709,4.641924325307827,8.299303192681963,4.123237141705268,7.699224795284627,2.23795303576295,1.0820464151167883,2.5916451621646783,8.030899259397764,4.194714196246598,3.5885357500127335,1.3747247810459347,7.44900528770492,4.361300298929329,1.6584924261698817,4.583484391306357,1.258361169634232,0.560639156060114,5.215210437589126,2.041804143920963,5.457519218507058,7.923360848356999,5.520465395276462,1303.6062480672606,Nan
24,3.2123599738475916,2.1809745672003977,1.1197707057534485,3.022707411838268,2.6282970476097796,1.6814683130584382,1.2222493511996337,3.583565947619524,4.328263484812988,3.0750902452005415,3.409855075711402,4.912690168999831,2.351904840561944,5.629139568480778,3.5240673836168352,5.720486763070024,3.484905836618244,7.757470414528674,1.9393767320008461,4.814851510465036,4.063775002164568,1.077043433737081,3.2033741136512512,3.375508602354931,3.759798380666546,4.137032625069494,4.936185985207228,4.347221841531547,3.445447313044856,8.849830163429509,6.382045842881927,4.349982222231281,2.8350199896508808,10.026092845247925,7.174050977008329,4.036996278690202,3.270612193876382,2.2997675278502334,7.356106710312829,6.079792457660577,5.114242637298871,3.8474934185589937,3.7103781287053805,2.3630582816827856,1.9245283495624248,10.798398415665877
25,2.817446245804503,2.8962150351221814,2.666342830711366,2.3281288486110023,3.184121234406589,5.275574039879877,2.487595413120614,2.419505608609514,2.0316838796793473,3.102680992615043,1.8023566012445094,5.733211036184913,2.5632173910393705,3.4004365746658354,2.367552263102816,3.4590345511027163,1.326949219385602,3.224259955305738,3.980201451305355,1.7868602864430083,1.9262665475250438,0.725489394152262,3.4177434823403487,5.10766129668447,1.7142770866563173,5.587810332297474,4.839493713697098,4.915683026147179,7.893913297069256,8.623018731334838,6.450283802485193,5.598654122860561,1.7986035802754672,3.3072825975777542,4.134006605655475,3.6340276622060603,1.0962005408497122,3.436800629494452,4.9915897584345075,4.019435031877229,6.0092978226347125,5.969927050539381,4.944110360374281,1.3189975026928165,4.552054489293032,3.516675475500076
26,3.3949817452134115,0.2600744948425806,3.4139637618762544,2.0469318449450356,1.8339673915161852,5.321311414827677,5.508250829477631,1.1860019212965616,5.05449712488565,1.0706737179416466,1.9965686760979988,1.4928412023089734,2.377539959929626,2.7062428512635517,4.185096207338073,1.0515235630416555,3.328130519595578,5.620920686105724,2.8912484748578247,2.351153354804079,4.795241396044778,6.463324720643989,3.5508063254910085,0.843259853567561,5.305817660671245,5.548571139742206,1.4832059763759227,3.6078567405861115,1.8742077027806863,2.6498053750715895,4.152485777884435,3.3396520067114124,3.598133506369547,6.527189585175158,7.24296529007172,4.729567690826561,5.18969929759098,3.838999823919251,3.48553844451919,2.5636026424357556,2.0661597758683596,7.508741719957337,3.7065815032453067,3.5993208804377503,2.137309153200857,4.083661091153375
27,1.2230382897471832,0.11674464147341844,3.2048924834886376,3.6003444944225373,3.3032969227841633,4.637541143910909,1.369512770958227,2.210431475625133,2.491585221779976,6.607426751226313,2.8811360062629228,2.7953947937628567,2.485181510928186,5.972841955144909,5.40763988057391,4.1584673005059525,3.329979778275641,0.7184024166687704,4.743070830328115,1.535877488037148,2.121734115623778,4.137060998949642,2.541919574364748,3.446148625419074,3.1701953108691656,5.2500901030448714,3.160975364072555,3.811745624992954,1.5660892463601106,4.737325420633837,3.6110802229595964,0.9436366039524532,2.1325758935180374,5.015827158457136,4.984979070336857,0.9123853344614722,2.3010404443512056,4.666144029180036,2.249478090721,2.5675493787437533,3.0981080409554944,3.45541483767665,4.0273098910954905,0.46814924442181854,3.375222450604486,3.802655175727768
28,0.16219368336548518,2.012179153821843,4.214031166427312,0.2428798037446841,3.72214653839284,3.7974081918182234,3.944133776150242,3.2312045380937646,5.337504153292035,2.583104632809008,0.12669252433800193,3.066447782313211,2.1728821824572795,2.9521951001792424,3.124857477177471,5.258113585176664,3.559428060241781,2.137889928090168,5.784878166460409,2.0206026022794408,1.5144797824407743,1.83250859819413,3.0805271034921513,2.4177626334360904,1.499544855022283,4.504348764784161,1.2201733463033417,1.6694177330966429,0.572012140717491,5.4558485327249215,3.2476639437241355,2.86532001600315,1.6909683271946476,3.869404638405426,2.5655792561200648,0.7919843614211047,2.1182837462584065,3.5492019106633177,1.519307062488358,6.266453706699069,5.935529605054133,2.7723295850373133,2.450032449658352,1.6845818602402938,2.5727306965841747,3.1046739929067413
29,2.0138911175815206,3.084114771749455,3.250743772643543,5.5858460451734935,2.331776502905998,4.2248929358852365,2.883758704404196,3.2441348281171503,2.721788319081895,2.341802910167963,4.1405461137708155,4.9888365614346935,3.8513240681156806,5.369028833807561,4.618459506856861,5.434694726148501,3.1499219819675113,5.9939093111885295,1.8979766933188003,6.415220307826908,3.8382060762416077,0.3623135608468553,1.7768648574200687,1.5330911531635054,4.321231535415333,3.814961379214554,2.027091719192852,4.459972924912371,3.83805847691717,8.144681287428652,3.6159564593710214,4.598706107993094,1.9124421572823023,3.4585859832218024,5.231255016724616,6.008543603022251,5.588704435438186,3.475191428612876,1.434896984178402,4.862609312604949,6.307724984646059,2.97199353336642,5.951546959119646,6.590559497252688,4.9963385730414345,1.9683117229224107
30,2.321172014449763,5.6809338871033805,1.1821474823076192,3.607428092910298,1.4680259134903588,2.004935524333953,2.2726425597508966,3.721016531734049,2.8792528314436723,2.6320512845340516,0.2434674593459436,1.698268648997773,0.4195534163304105,3.3910543733004115,4.972667949188148,1.72997958496357,6.022839618188329,5.402487421228753,7.215133650848597,1.0668295671558605,9.402142834887044,2.181269397368148,3.325939207569632,4.639279072050194,3.1607912963179845,2.843275024202279,2.729196177289694,2.3161226112694013,3.4197293439452894,1.6119991858970535,0.8187800932377515,2.2234688798106337,0.9330304308494416,3.5005176181843547,4.319250730720236,5.673415509224018,2.811757539904152,2.2459825302429026,4.520524045459986,1.1387524478400863,1.7525061052824433,3.0515589397827454,1.5690837139473894,3.1229112690032577,4.026301975170194,5.562500569860357
31,1.8454766247452266,2.674713463302145,4.888697794507186,4.396012017600942,2.4274969786841543,4.460587956797982,1.1826309182071635,4.221857358530456,3.2590854494953,7.38791295609727,5.41544949788987,4.789412582382067,3.0878631437478785,7.163808860985036,4.385558660416687,3.4628037644802427,3.350614511328881,2.1332524601301195,6.787676031410064,4.485508370325574,3.627608415273595,3.9332684111311815,0.13521776839496252,4.7785651561281774,1.5084812641732785,2.9618534769540594,5.052458077572384,3.81359457169318,4.795641562406418,8.694667621416174,4.759386219723945,5.4414031849980296,5.582623721465563,6.593935935360604,5.544793786197015,5.117539981877596,1.985787495853242,2.7102431511448315,0.8983602896815069,4.831974484765949,10.548521228358744,24.4398628381706,24.939109517327072,30.70001304008573,27.107535922920597,7.907070056745339
32,2.7077902466934045,4.733611760686696,2.986513473260177,3.375101480878264,2.2428188971597405,3.927799282330811,3.203195668896528,1.2860178971006324,3.98739356396933,2.1303221142890356,5.496653071665685,0.9714732477562781,0.10713599129144173,7.266251314806767,1.1089990257996798,1.314576138032593,4.197650859628055,3.43653851667558,1.564419008058159,2.9680992646820457,5.461045503883685,2.9612882367491076,5.952405503342335,4.685474529818538,2.1673996369598503,5.322994364402445,3.1587646313171014,1.9302287833042413,4.849823944375562,3.1072090258731437,2.9371189317678996,4.436723740720181,4.309408550099337,4.783165354033846,3.618852604437812,1.7860825129288345,2.299714266317276,2.375464353655357,2.647045835862454,2.8878572865109287,3.8900531945493952,4.754739938067622,4.061811571447376,2.6456591996938807,1.9082477636574227,4.567344078848393
33,3.578560719974845,0.8891394465919944,1.9738391764862402,2.784123248228734,1.104583785615249,1.3368507475022755,1.9001192874812416,1.1714015137410678,3.6299469720723874,4.080150215320932,3.0644877949497595,3.4761939685138294,1.6181477836375795,2.1886371542498857,3.6320149401668202,2.8765288871286447,4.090600504026382,1.3309940197411334,2.3687919861977096,3.214059095903404,5.674958068371051,2.3115915692198667,3.369176596372085,4.02716035144859,2.03397042627584,4.132050609057142,2.947260534809489,1.5432500499780692,2.313744327763428,6.196821863712673,5.377169787584969,3.386110115488839,4.232202239016242,4.343120285153044,2.048008675756923,5.518961264416363,4.541470614571543,3.2576808562906887,3.539865816882209,3.3374732293572222,5.218387993697226,5.112933185738167,6.481345478713922,2.6890469637537056,4.0409387229755875,1.9794917148326066
34,3.2435530872724265,4.394236820313884,1.2089654859269607,2.154092198368762,4.300187751069045,1.9907524881247312,4.763059693253765,2.4120183833807722,4.640839296751503,1.9819962045557489,6.065451243087188,2.7144880973694745,2.925136921976486,3.3997202031049887,1.037360069704731,4.11080595714357,1.7236118222995627,5.698875016507739,5.516434270967866,4.245171225412318,8.081851081043288,5.280910006155706,1.17754494248838,0.880981363588542,3.809805358361668,7.668566414888624,6.778202996996271,4.508598532512379,1.1807057127222544,7.694870271070457,6.625629633545064,4.379296170833004,0.6466788307900462,3.155603928292112,2.8010720909465214,0.5306400538824887,3.1514442423279676,16.547509730774316,23.705048181163814,10.7419853121263,20.19531299702335,26.751098300754375,27.394132926909347,29.960438619774806,84.20941238954039,1285.3116353631908
35,2.9279912615530774,1.798058685184765,0.6855194518183035,3.841624205256713,2.8995964487805908,5.250020110793418,3.176720308665035,1.4651175116518937,3.0758183420999847,6.643494759492179,1.6286387090907617,2.8842732257446873,4.4350367622473215,4.200708789298919,0.9916783145833898,2.3778882221809603,2.5908888512147747,2.25286968489202,6.58600451724943,2.812610966870261,4.585465415237568,1.860907865775317,3.5335874894332053,2.4468964231794237,4.827781562318392,9.23586984182544,5.363151073717419,5.476482417564724,0.5597577208214579,4.208545203383781,3.505686684914492,4.593192078231134,2.2545935625307414,3.3304395380891605,0.6730720297193602,1.221714754256082,3.8618956714782913,3.0659509323335037,5.773128461983602,1.1371378569419703,4.126007288295239,5.023598985268721,3.553396514619082,3.1045272747668444,2.965795956615861,6.73157651107144
36,4.7078509435723195,2.8826010275748533,3.470552339060709,0.3066177312828412,4.2924785149472715,5.519258332114801,2.425323138500089,4.231781053971295,2.038093267951628,2.4090314897304803,3.0308772770708936,4.365848597472605,3.671693182870789,1.356025867366395,5.266057001914792,2.546546845431848,4.633861232946138,3.670579276030051,8.387038021956139,4.67474729332272,3.162271607971969,4.1051407139728555,2.351062726214244,3.4954617309581244,4.638126027501207,2.383293431099857,2.886585447785486,3.7543028898496105,1.3493297331267666,6.2332706417549435,6.288730803936176,1.8747052832783728,0.7340407685624133,4.01680230689703,1.9277417576140714,4.785344479502365,4.178362901039171,0.8008358610416043,2.7853475087904775,3.82581956506653,4.007606464391981,0.914068898290051,4.228431789076176,6.67236008490814,2.762681067308358,1.7504466950962971
37,3.0156368265574427,4.2571666196562035,4.396067743995246,3.0638111439047724,1.660577515253453,4.7191637486684,1.8989337352606188,2.363167887314908,5.138756908662075,5.7689907942964,3.97833307975058,4.318092010009311,3.9267167599219635,5.75005364360425,5.387907061962402,3.1254649849532647,4.313489805987979,3.160503870843203,3.8252902627139833,2.6782854506415945,0.5618372330693233,2.6070923769095677,4.106199813701616,1.648237981076269,3.700576033693541,7.054014476304287,3.7242647193483283,5.268805793273781,3.062315318927111,5.7907072820761805,5.415730804459624,3.5454209045930716,2.35501024364227,6.091953306556267,5.995282793528377,2.347317306913131,3.509607931738133,4.679174426651363,0.9885481729933937,5.654935831459756,6.4110906491850335,3.047857180413028,4.4543103606305605,6.2654763015776345,4.216509277155306,7.247360885905513
38,2.7687577274042146,6.048677905497554,3.430892297336745,2.856255941159459,2.5460522740349756,2.8414237850331565,4.000104623564101,3.7622860623818175,1.9114171176715595,4.333765715680117,3.6344844169993515,2.61000659974141,3.457285692969097,4.408704037920986,4.393985360727142,4.6837175117216825,4.90137421124029,3.3846688945007455,3.306950416420052,3.2546565956917526,5.378190009964241,1.9094696301305916,0.4983539134123696,4.234786920919908,3.4465325464469867,3.0136776635269413,4.492370088362036,4.288921704943298,5.819627600495183,10.68543677319655,7.936096609352294,5.5934910253787375,3.7810408273895333,3.4329980348900246,7.626520810805677,3.364764859600422,1.0961691139662288,1.9950279631659582,2.3876039783651146,4.2482475088039555,1.8957488956366413,4.923332013351199,5.488354817615929,2.5028936289987023,1.9456698509878967,1.7946571630540427
39,2.3962880693149553,1.172760072335015,4.969365368627054,2.464032005708918,1.616156377576446,4.020996514219709,2.31982434489569,3.5042498582685395,1.9023171507691146,4.344787156241977,4.546433084575911,4.57441859188313,1.760255818365932,3.265772751978951,6.029547160889224,2.481933618784426,3.730887013663927,6.234135823729681,8.122403149478561,1.8470108364043432,4.395959773464786,2.256926199348486,3.7848669290869164,4.632560592626594,3.337936926243186,2.728612668237135,0.2740769045701521,2.499646291670103,6.9877713502142615,11.664226195874402,7.270006662057159,4.9968398387458715,3.5758121375312033,6.246130180252663,4.565824130684939,3.9869874798820155,1.8972283321312682,1.8979013998856606,4.295399133369395,3.7220790081927695,5.532810272084504,4.7631521098981775,3.272411687940007,2.0169115506248145,0.8980875565187604,6.379776520302199
40,4.092736554278867,4.591304428011982,2.6948711344059855,0.8722176384921065,1.5445624037300094,1.6201895059072131,0.8480156492032647,2.856300164958658,2.594491659140062,2.373325108310372,1.6039500104325195,2.111906877658837,3.1763845157026265,2.9560995299883777,3.6615286349270115,5.0132012948303375,4.092165698790825,5.864454188036441,6.3084942008661935,3.3432104342252194,9.723615010425364,1.3400889819407427,5.733049686720691,4.984695723765144,2.4785275542925556,2.6129151307513148,2.1076880960979314,3.795829018449955,2.9642752060956306,3.3718154943402294,4.677955664326002,1.4060820478153389,6.604112272734335,3.1470808106952197,6.587136778120132,4.751470095289349,3.359476572701762,2.7356639301058734,3.0386918054678937,3.783264646578525,3.8318018938693807,4.3095453351866615,5.687426161266866,2.955328554842974,6.501975010820132,3.8461295467893266
41,0.9921169552190041,3.6339377790227427,2.473007007659545,2.3545718972068395,2.8131770530536175,3.2942926422991254,1.455450412131296,2.74437593660294,5.053713264592712,5.525457734458752,3.347605983508353,3.8491644310232402,4.0164268339467935,3.932287332746976,2.505790535923461,1.0828326341078365,3.0711144092737057,2.8820853222969665,3.8752169610115517,8.44210813385461,2.0234440333516583,4.892802267611921,3.230351500895971,2.522528104228719,2.0336611428526115,5.401143437956733,3.278865190177399,3.9242864953447674,2.338589403483508,6.39690915786517,3.673358025987873,6.327713976811869,5.328855601157266,3.2016274767264257,2.9212155677014553,5.262080003177841,3.837599686017383,5.07785088484818,3.794303327828667,6.567616239717142,5.122635575294014,2.2195116055545956,7.144723834252945,2.5735716692542714,3.4646923574107977,7.060342899183847
42,2.1210141724519023,4.378272242519831,1.8254732484806182,3.920285323523264,0.26181031620694756,3.050740571782132,4.01348059900538,2.947424605093939,7.129523972627422,5.959019965896646,2.5295430058798525,2.410835819179382,0.42387690527083993,6.352810405078259,2.291982696459191,4.363266693032083,3.126561711046286,1.325893991211288,4.255335899343964,1.7735118961236254,3.833163540578762,5.00049528521011,2.356717337381548,1.7816343415605662,6.145564857542788,4.173642083868809,6.9462236478858665,4.157035724351569,3.8093210583862094,6.465328301536373,6.574802176533131,5.261944216387844,2.785697002403257,2.6981417056108947,5.109087977418961,5.690957737444408,5.30277454518702,2.1534067740485026,2.2997675278502334,5.292549965675954,1.8918540535259074,3.1469535038149914,4.5345199980206115,5.711303854801558,5.041063047729677,2.0024839376143175
43,5.161905698740623,2.5108914626654673,3.1073798433337765,1.1970645297771034,2.8966432134650586,3.8111564508747104,0.7653641206892039,1.56596214592063,3.6710391293966005,3.33710199605259,2.91514463903464,5.412387635763934,4.3334171175301845,2.856536013658117,5.7711312994965045,4.686219517899657,4.40826064271029,5.183059914339804,1.3660155299535057,3.174830408441565,5.04543605564267,2.2335039158603087,2.8743186645039507,2.8214666017099157,0.7933316509837763,3.311037666566423,1.212900911995312,3.988326856609,4.341901816274872,6.2233979998811035,5.8058030239731995,1.714800984510667,4.097847323045535,4.264211459607793,1.9977614323388035,2.523828200459011,1.8503402514751162,4.164305114570969,2.045056009104007,4.055240744133463,4.468245582950171,4.679500267019197,7.2498139341813035,5.691660785815607,1314.763286679393,Nan
44,3.6245439641188444,5.581031637260661,2.7099644382126007,3.676170077536634,3.513039609021282,3.1843456249072166,4.609636048628073,3.6442055449204958,4.132375128982914,4.36830279720312,3.036754238955127,3.9019869880431544,1.0487132240747046,3.8401482737393464,4.355618133325915,4.68394061410135,2.4708432565734575,3.7438899448403253,3.0319998009439826,1.317311325540674,2.242363740199599,1.7340930683832658,3.2676272347229287,9.770428911748867,4.326508559563625,7.2175179248166375,6.332005012528967,1.332588204114324,4.166683576743441,10.877142260936964,8.486931200643879,3.087140367396866,1.4978924109612781,1.782940116943018,0.289507820523181,3.190942051812493,4.170036846392204,3.8292987307475177,3.1396145164372324,7.839920992935698,4.720457014958971,2.887390686638866,2.976009184946428,1.4027342016264481,4.698665030824187,5.812591340305597
45,3.1020295367688617,2.953838267400074,3.7285580411596624,0.8501960027950627,0.827007157422771,4.623138153208495,2.6262568691289845,2.0892180936542473,3.1953278451469003,3.6282368900774573,3.576866022330433,5.091981518143419,3.099127991943057,0.26253545282033713,2.1162589371016796,0.24059968731414583,1.7303829674665485,4.224957261201093,5.513208175063791,2.8901096913630875,5.388463064696027,3.4299657947749234,4.180746488706242,1.4544077073277049,4.546873949618074,6.286647804185265,4.167100931072767,4.557334409548427,4.78987290461919,2.9120056260453646,2.427718249910437,2.122385282344657,2.4653484586956593,3.1606092363060694,3.2987750345789255,3.2776956376945896,3.4446617773864454,5.757574327616042,4.949625282151029,4.3786094018734545,2.839943362519767,1.9468151457941514,2.156722274467497,2.667963105260488,3.2572977871283864,3.372618753714727
46,2.429806456435052,4.354438323542559,3.9459261869468594,5.287787027420622,3.336926496520541,4.799213908929011,2.0152439398910915,2.421164594076497,1.0325434246125333,3.5027505185022427,3.8184878622893077,3.6933190630926536,3.625251456291591,0.7097489211805625,0.5925742480941374,2.322934735128453,5.700459704400229,4.117127891075468,3.8497673425147556,4.451898988923695,1.5891558146024185,2.9405340153447455,3.4794855229083606,4.780776269553917,2.3813771518815043,5.057806174720844,4.5212284843080734,1.77973983907857,6.425007704628258,4.746859071955419,5.469304475830159,0.9830253515950188,1.2247802913743693,1.2867211342963842,3.16102581937036,0.543788363688361,3.4874666776824776,2.2664213376951876,4.063541713862005,4.029849633000185,6.3853035463482195,5.521167968501459,7.020065789152001,1.8760768597345805,3.6941667378152174,4.1204437666718325
47,4.365819372499483,3.611941192843133,2.1157765540736153,4.2804959325592264,2.8964176788529854,2.300075421911854,4.059973842551308,2.849514301048617,3.4115452209427217,3.7375648258874,4.155264060964864,6.280292470343234,2.2744911353021546,4.284536832220246,1.5455401589467457,4.200371930634658,3.361350340537463,1.9963986806821103,1.868684606246133,3.160398905586708,4.004790739284319,3.2308337315410696,4.320466137522634,2.9078594677451526,3.800729067795322,7.63339707006939,2.9579786409773465,1.0277575890213855,1.7669414209637921,7.846296731803832,7.103649225173109,3.3973474813225546,3.538508495191953,1.1288008353236274,3.8998796173099066,0.9905699147637576,4.8664075397342,3.9563836844326516,5.128856647745326,7.002420901237566,5.591359188401505,6.895562949625414,3.2582001603439887,4.40747677757655,1.9158869617190828,4.760286895692093
48,3.5755098999894273,1.6492904316172154,2.195377007477945,1.6309645994333335,5.202925426537485,1.861522098297795,3.375391800937769,4.228695507152143,3.6339377790226983,4.010943216504223,4.42821759236498,1.55792408630391,5.187721508511921,3.250649571509126,5.90671320521391,2.4078336811886722,4.260993091016675,2.466923861389435,6.604174676006143,6.023396535280507,5.054753841104969,4.869259309923447,6.257406068380951,5.82798266182402,5.516285084827889,6.43882076666948,1.0226799133187523,1.7731053728098694,2.732268762869944,5.491857818784867,2.0674506260047716,2.4376122696507885,2.6758022971108746,5.521528926950156,3.018996056356145,0.5279401669234849,5.852050827915508,3.473170051450083,3.300914803930002,6.833313333614465,4.037724404289259,3.6374489435779127,3.7021055414847805,1.8432760533423396,3.4562990795912194,2.7003628833063016
49,1.9979913409430101,2.267011810099834,4.246235062127348,2.6332643598673626,3.025058913955586,5.02011514852812,2.6882672710307554,1.4642925739734864,4.42080234232849,2.552522714801287,2.092767599164262,1.0834357614689973,0.5839614131340288,2.530438670358772,5.057896485232966,2.959572468340276,0.5565390666716898,3.8535550065476114,1.253908138964617,0.23878984095900424,3.3453793727357914,2.4616660066755935,2.490101769929869,2.899246602623523,3.7319839458025115,4.800711790171357,1.9500363206748217,3.2576785063104294,0.4908002360891165,2.141286658704769,1.685812953906519,1.0701516293469453,3.2926686367941227,3.5407134733116705,2.224703439230102,4.289457452018339,3.19336425316571,0.2801408691942385,2.7214507781705404,5.570714256935237,6.305717056196659,2.692688546673534,4.073303259857265,8.020120101981217,5.054837390965927,7.032390868557816
